<?xml version="1.0" encoding="UTF-8"?>
<con:xmlEntry xmlns:con="http://www.bea.com/wli/sb/resources/config">
    <con:xml-content><![CDATA[<?xml version="1.0" encoding="UTF-8"?>
<object-persistence xmlns="http://www.eclipse.org/eclipselink/xsds/persistence" xmlns:xsd="http://www.w3.org/2001/XMLSchema" xmlns:eclipselink="http://www.eclipse.org/eclipselink/xsds/persistence" xmlns:xsi="http://www.w3.org/2001/XMLSchema-instance" version="Eclipse Persistence Services - 2.3.1.v20111018-r10243">
   <name>deliverySys_update_v4-OR</name>
   <class-mapping-descriptors>
      <class-mapping-descriptor xsi:type="object-relational-class-mapping-descriptor">
         <class>deliverySys_update_v4.IpoeDeliverySysDev</class>
         <alias>B104_COMDELIVERYSYS_RBA.IPOE_DELIVERY_SYS</alias>
         <primary-key>
            <field table="B104_COMDELIVERYSYS_RBA.IPOE_DELIVERY_SYS" name="TX_ID" xsi:type="column"/>
         </primary-key>
         <events/>
         <querying>
            <queries>
               <query name="deliverySys_update_v4Select" xsi:type="read-all-query">
                  <reference-class>deliverySys_update_v4.IpoeDeliverySysDev</reference-class>
                  <container xsi:type="list-container-policy">
                     <collection-type>java.util.Vector</collection-type>
                  </container>
               </query>
            </queries>
         </querying>
         <attribute-mappings>
            <attribute-mapping xsi:type="direct-mapping">
               <attribute-name>txId</attribute-name>
               <field table="B104_COMDELIVERYSYS_RBA.IPOE_DELIVERY_SYS" name="TX_ID" xsi:type="column"/>
               <attribute-classification>java.math.BigDecimal</attribute-classification>
            </attribute-mapping>
            <attribute-mapping xsi:type="direct-mapping">
               <attribute-name>sysTerminalId</attribute-name>
               <field table="B104_COMDELIVERYSYS_RBA.IPOE_DELIVERY_SYS" name="SYS_TERMINAL_ID" xsi:type="column"/>
               <attribute-classification>java.lang.String</attribute-classification>
            </attribute-mapping>
            <attribute-mapping xsi:type="direct-mapping">
               <attribute-name>sysStatusCd</attribute-name>
               <field table="B104_COMDELIVERYSYS_RBA.IPOE_DELIVERY_SYS" name="SYS_STATUS_CD" xsi:type="column"/>
               <attribute-classification>java.lang.String</attribute-classification>
            </attribute-mapping>
            <attribute-mapping xsi:type="direct-mapping">
               <attribute-name>sysPareconResultCd</attribute-name>
               <field table="B104_COMDELIVERYSYS_RBA.IPOE_DELIVERY_SYS" name="SYS_PARECON_RESULT_CD" xsi:type="column"/>
               <attribute-classification>java.lang.String</attribute-classification>
            </attribute-mapping>
            <attribute-mapping xsi:type="direct-mapping">
               <attribute-name>sysSoType</attribute-name>
               <field table="B104_COMDELIVERYSYS_RBA.IPOE_DELIVERY_SYS" name="SYS_SO_TYPE" xsi:type="column"/>
               <attribute-classification>java.lang.String</attribute-classification>
            </attribute-mapping>
            <attribute-mapping xsi:type="direct-mapping">
               <attribute-name>sysUpdateTime</attribute-name>
               <field table="B104_COMDELIVERYSYS_RBA.IPOE_DELIVERY_SYS" name="SYS_UPDATE_TIME" xsi:type="column"/>
               <attribute-classification>java.sql.Timestamp</attribute-classification>
            </attribute-mapping>
            <attribute-mapping xsi:type="direct-mapping">
               <attribute-name>fletsId</attribute-name>
               <field table="B104_COMDELIVERYSYS_RBA.IPOE_DELIVERY_SYS" name="FLETS_ID" xsi:type="column"/>
               <attribute-classification>java.lang.String</attribute-classification>
            </attribute-mapping>
            <attribute-mapping xsi:type="direct-mapping">
               <attribute-name>contractId</attribute-name>
               <field table="B104_COMDELIVERYSYS_RBA.IPOE_DELIVERY_SYS" name="CONTRACT_ID" xsi:type="column"/>
               <attribute-classification>java.lang.String</attribute-classification>
            </attribute-mapping>
            <attribute-mapping xsi:type="direct-mapping">
               <attribute-name>ispCd</attribute-name>
               <field table="B104_COMDELIVERYSYS_RBA.IPOE_DELIVERY_SYS" name="ISP_CD" xsi:type="column"/>
               <attribute-classification>java.lang.String</attribute-classification>
            </attribute-mapping>
            <attribute-mapping xsi:type="direct-mapping">
               <attribute-name>webentryId</attribute-name>
               <field table="B104_COMDELIVERYSYS_RBA.IPOE_DELIVERY_SYS" name="WEBENTRY_ID" xsi:type="column"/>
               <attribute-classification>java.lang.String</attribute-classification>
            </attribute-mapping>
            <attribute-mapping xsi:type="direct-mapping">
               <attribute-name>soType</attribute-name>
               <field table="B104_COMDELIVERYSYS_RBA.IPOE_DELIVERY_SYS" name="SO_TYPE" xsi:type="column"/>
               <attribute-classification>java.lang.String</attribute-classification>
            </attribute-mapping>
            <attribute-mapping xsi:type="direct-mapping">
               <attribute-name>deliTel</attribute-name>
               <field table="B104_COMDELIVERYSYS_RBA.IPOE_DELIVERY_SYS" name="DELI_TEL" xsi:type="column"/>
               <attribute-classification>java.lang.String</attribute-classification>
            </attribute-mapping>
            <attribute-mapping xsi:type="direct-mapping">
               <attribute-name>deliPostcd</attribute-name>
               <field table="B104_COMDELIVERYSYS_RBA.IPOE_DELIVERY_SYS" name="DELI_POSTCD" xsi:type="column"/>
               <attribute-classification>java.lang.String</attribute-classification>
            </attribute-mapping>
            <attribute-mapping xsi:type="direct-mapping">
               <attribute-name>deliAddr</attribute-name>
               <field table="B104_COMDELIVERYSYS_RBA.IPOE_DELIVERY_SYS" name="DELI_ADDR" xsi:type="column"/>
               <attribute-classification>java.lang.String</attribute-classification>
            </attribute-mapping>
            <attribute-mapping xsi:type="direct-mapping">
               <attribute-name>deliName</attribute-name>
               <field table="B104_COMDELIVERYSYS_RBA.IPOE_DELIVERY_SYS" name="DELI_NAME" xsi:type="column"/>
               <attribute-classification>java.lang.String</attribute-classification>
            </attribute-mapping>
            <attribute-mapping xsi:type="direct-mapping">
               <attribute-name>pareconFlag</attribute-name>
               <field table="B104_COMDELIVERYSYS_RBA.IPOE_DELIVERY_SYS" name="PARECON_FLAG" xsi:type="column"/>
               <attribute-classification>java.lang.String</attribute-classification>
            </attribute-mapping>
            <attribute-mapping xsi:type="direct-mapping">
               <attribute-name>opendesireDate</attribute-name>
               <field table="B104_COMDELIVERYSYS_RBA.IPOE_DELIVERY_SYS" name="OPENDESIRE_DATE" xsi:type="column"/>
               <attribute-classification>java.lang.String</attribute-classification>
            </attribute-mapping>
            <attribute-mapping xsi:type="direct-mapping">
               <attribute-name>processingType</attribute-name>
               <field table="B104_COMDELIVERYSYS_RBA.IPOE_DELIVERY_SYS" name="PROCESSING_TYPE" xsi:type="column"/>
               <attribute-classification>java.lang.String</attribute-classification>
            </attribute-mapping>
            <attribute-mapping xsi:type="direct-mapping">
               <attribute-name>deliShipResultCd</attribute-name>
               <field table="B104_COMDELIVERYSYS_RBA.IPOE_DELIVERY_SYS" name="DELI_SHIP_RESULT_CD" xsi:type="column"/>
               <attribute-classification>java.lang.String</attribute-classification>
            </attribute-mapping>
            <attribute-mapping xsi:type="direct-mapping">
               <attribute-name>deliShipNum</attribute-name>
               <field table="B104_COMDELIVERYSYS_RBA.IPOE_DELIVERY_SYS" name="DELI_SHIP_NUM" xsi:type="column"/>
               <attribute-classification>java.lang.String</attribute-classification>
            </attribute-mapping>
            <attribute-mapping xsi:type="direct-mapping">
               <attribute-name>macAddr</attribute-name>
               <field table="B104_COMDELIVERYSYS_RBA.IPOE_DELIVERY_SYS" name="MAC_ADDR" xsi:type="column"/>
               <attribute-classification>java.lang.String</attribute-classification>
            </attribute-mapping>
            <attribute-mapping xsi:type="direct-mapping">
               <attribute-name>serialNo</attribute-name>
               <field table="B104_COMDELIVERYSYS_RBA.IPOE_DELIVERY_SYS" name="SERIAL_NO" xsi:type="column"/>
               <attribute-classification>java.lang.String</attribute-classification>
            </attribute-mapping>
            <attribute-mapping xsi:type="direct-mapping">
               <attribute-name>deliShipDate</attribute-name>
               <field table="B104_COMDELIVERYSYS_RBA.IPOE_DELIVERY_SYS" name="DELI_SHIP_DATE" xsi:type="column"/>
               <attribute-classification>java.lang.String</attribute-classification>
            </attribute-mapping>
            <attribute-mapping xsi:type="direct-mapping">
               <attribute-name>pareconResultCd</attribute-name>
               <field table="B104_COMDELIVERYSYS_RBA.IPOE_DELIVERY_SYS" name="PARECON_RESULT_CD" xsi:type="column"/>
               <attribute-classification>java.lang.String</attribute-classification>
            </attribute-mapping>
            <attribute-mapping xsi:type="direct-mapping">
               <attribute-name>collShipResultCd</attribute-name>
               <field table="B104_COMDELIVERYSYS_RBA.IPOE_DELIVERY_SYS" name="COLL_SHIP_RESULT_CD" xsi:type="column"/>
               <attribute-classification>java.lang.String</attribute-classification>
            </attribute-mapping>
            <attribute-mapping xsi:type="direct-mapping">
               <attribute-name>collShipDate</attribute-name>
               <field table="B104_COMDELIVERYSYS_RBA.IPOE_DELIVERY_SYS" name="COLL_SHIP_DATE" xsi:type="column"/>
               <attribute-classification>java.lang.String</attribute-classification>
            </attribute-mapping>
            <attribute-mapping xsi:type="direct-mapping">
               <attribute-name>deliArrivalCd</attribute-name>
               <field table="B104_COMDELIVERYSYS_RBA.IPOE_DELIVERY_SYS" name="DELI_ARRIVAL_CD" xsi:type="column"/>
               <attribute-classification>java.lang.String</attribute-classification>
            </attribute-mapping>
            <attribute-mapping xsi:type="direct-mapping">
               <attribute-name>deliArrivalDate</attribute-name>
               <field table="B104_COMDELIVERYSYS_RBA.IPOE_DELIVERY_SYS" name="DELI_ARRIVAL_DATE" xsi:type="column"/>
               <attribute-classification>java.lang.String</attribute-classification>
            </attribute-mapping>
            <attribute-mapping xsi:type="direct-mapping">
               <attribute-name>collResultCd</attribute-name>
               <field table="B104_COMDELIVERYSYS_RBA.IPOE_DELIVERY_SYS" name="COLL_RESULT_CD" xsi:type="column"/>
               <attribute-classification>java.lang.String</attribute-classification>
            </attribute-mapping>
            <attribute-mapping xsi:type="direct-mapping">
               <attribute-name>collResultDate</attribute-name>
               <field table="B104_COMDELIVERYSYS_RBA.IPOE_DELIVERY_SYS" name="COLL_RESULT_DATE" xsi:type="column"/>
               <attribute-classification>java.lang.String</attribute-classification>
            </attribute-mapping>
            <attribute-mapping xsi:type="direct-mapping">
               <attribute-name>collPersonalCd</attribute-name>
               <field table="B104_COMDELIVERYSYS_RBA.IPOE_DELIVERY_SYS" name="COLL_PERSONAL_CD" xsi:type="column"/>
               <attribute-classification>java.lang.String</attribute-classification>
            </attribute-mapping>
            <attribute-mapping xsi:type="direct-mapping">
               <attribute-name>infoType1</attribute-name>
               <field table="B104_COMDELIVERYSYS_RBA.IPOE_DELIVERY_SYS" name="INFO_TYPE_1" xsi:type="column"/>
               <attribute-classification>java.lang.String</attribute-classification>
            </attribute-mapping>
            <attribute-mapping xsi:type="direct-mapping">
               <attribute-name>infoDetailType1</attribute-name>
               <field table="B104_COMDELIVERYSYS_RBA.IPOE_DELIVERY_SYS" name="INFO_DETAIL_TYPE_1" xsi:type="column"/>
               <attribute-classification>java.lang.String</attribute-classification>
            </attribute-mapping>
            <attribute-mapping xsi:type="direct-mapping">
               <attribute-name>deliOrderCd1</attribute-name>
               <field table="B104_COMDELIVERYSYS_RBA.IPOE_DELIVERY_SYS" name="DELI_ORDER_CD_1" xsi:type="column"/>
               <attribute-classification>java.lang.String</attribute-classification>
            </attribute-mapping>
            <attribute-mapping xsi:type="direct-mapping">
               <attribute-name>childNo1</attribute-name>
               <field table="B104_COMDELIVERYSYS_RBA.IPOE_DELIVERY_SYS" name="CHILD_NO_1" xsi:type="column"/>
               <attribute-classification>java.lang.String</attribute-classification>
            </attribute-mapping>
            <attribute-mapping xsi:type="direct-mapping">
               <attribute-name>shipType1</attribute-name>
               <field table="B104_COMDELIVERYSYS_RBA.IPOE_DELIVERY_SYS" name="SHIP_TYPE_1" xsi:type="column"/>
               <attribute-classification>java.lang.String</attribute-classification>
            </attribute-mapping>
            <attribute-mapping xsi:type="direct-mapping">
               <attribute-name>productCd1</attribute-name>
               <field table="B104_COMDELIVERYSYS_RBA.IPOE_DELIVERY_SYS" name="PRODUCT_CD_1" xsi:type="column"/>
               <attribute-classification>java.lang.String</attribute-classification>
            </attribute-mapping>
            <attribute-mapping xsi:type="direct-mapping">
               <attribute-name>ispCd1</attribute-name>
               <field table="B104_COMDELIVERYSYS_RBA.IPOE_DELIVERY_SYS" name="ISP_CD_1" xsi:type="column"/>
               <attribute-classification>java.lang.String</attribute-classification>
            </attribute-mapping>
            <attribute-mapping xsi:type="direct-mapping">
               <attribute-name>deliReqDate1</attribute-name>
               <field table="B104_COMDELIVERYSYS_RBA.IPOE_DELIVERY_SYS" name="DELI_REQ_DATE_1" xsi:type="column"/>
               <attribute-classification>java.lang.String</attribute-classification>
            </attribute-mapping>
            <attribute-mapping xsi:type="direct-mapping">
               <attribute-name>deliReqTimeCd1</attribute-name>
               <field table="B104_COMDELIVERYSYS_RBA.IPOE_DELIVERY_SYS" name="DELI_REQ_TIME_CD_1" xsi:type="column"/>
               <attribute-classification>java.lang.String</attribute-classification>
            </attribute-mapping>
            <attribute-mapping xsi:type="direct-mapping">
               <attribute-name>infoType2</attribute-name>
               <field table="B104_COMDELIVERYSYS_RBA.IPOE_DELIVERY_SYS" name="INFO_TYPE_2" xsi:type="column"/>
               <attribute-classification>java.lang.String</attribute-classification>
            </attribute-mapping>
            <attribute-mapping xsi:type="direct-mapping">
               <attribute-name>infoDetailType2</attribute-name>
               <field table="B104_COMDELIVERYSYS_RBA.IPOE_DELIVERY_SYS" name="INFO_DETAIL_TYPE_2" xsi:type="column"/>
               <attribute-classification>java.lang.String</attribute-classification>
            </attribute-mapping>
            <attribute-mapping xsi:type="direct-mapping">
               <attribute-name>deliOrderCd2</attribute-name>
               <field table="B104_COMDELIVERYSYS_RBA.IPOE_DELIVERY_SYS" name="DELI_ORDER_CD_2" xsi:type="column"/>
               <attribute-classification>java.lang.String</attribute-classification>
            </attribute-mapping>
            <attribute-mapping xsi:type="direct-mapping">
               <attribute-name>childNo2</attribute-name>
               <field table="B104_COMDELIVERYSYS_RBA.IPOE_DELIVERY_SYS" name="CHILD_NO_2" xsi:type="column"/>
               <attribute-classification>java.lang.String</attribute-classification>
            </attribute-mapping>
            <attribute-mapping xsi:type="direct-mapping">
               <attribute-name>shipType2</attribute-name>
               <field table="B104_COMDELIVERYSYS_RBA.IPOE_DELIVERY_SYS" name="SHIP_TYPE_2" xsi:type="column"/>
               <attribute-classification>java.lang.String</attribute-classification>
            </attribute-mapping>
            <attribute-mapping xsi:type="direct-mapping">
               <attribute-name>productCd2</attribute-name>
               <field table="B104_COMDELIVERYSYS_RBA.IPOE_DELIVERY_SYS" name="PRODUCT_CD_2" xsi:type="column"/>
               <attribute-classification>java.lang.String</attribute-classification>
            </attribute-mapping>
            <attribute-mapping xsi:type="direct-mapping">
               <attribute-name>ispCd2</attribute-name>
               <field table="B104_COMDELIVERYSYS_RBA.IPOE_DELIVERY_SYS" name="ISP_CD_2" xsi:type="column"/>
               <attribute-classification>java.lang.String</attribute-classification>
            </attribute-mapping>
            <attribute-mapping xsi:type="direct-mapping">
               <attribute-name>deliReqErrCd2</attribute-name>
               <field table="B104_COMDELIVERYSYS_RBA.IPOE_DELIVERY_SYS" name="DELI_REQ_ERR_CD_2" xsi:type="column"/>
               <attribute-classification>java.lang.String</attribute-classification>
            </attribute-mapping>
            <attribute-mapping xsi:type="direct-mapping">
               <attribute-name>deliReqProcessTime2</attribute-name>
               <field table="B104_COMDELIVERYSYS_RBA.IPOE_DELIVERY_SYS" name="DELI_REQ_PROCESS_TIME_2" xsi:type="column"/>
               <attribute-classification>java.lang.String</attribute-classification>
            </attribute-mapping>
            <attribute-mapping xsi:type="direct-mapping">
               <attribute-name>deliReqFileName2</attribute-name>
               <field table="B104_COMDELIVERYSYS_RBA.IPOE_DELIVERY_SYS" name="DELI_REQ_FILE_NAME_2" xsi:type="column"/>
               <attribute-classification>java.lang.String</attribute-classification>
            </attribute-mapping>
            <attribute-mapping xsi:type="direct-mapping">
               <attribute-name>infoType3</attribute-name>
               <field table="B104_COMDELIVERYSYS_RBA.IPOE_DELIVERY_SYS" name="INFO_TYPE_3" xsi:type="column"/>
               <attribute-classification>java.lang.String</attribute-classification>
            </attribute-mapping>
            <attribute-mapping xsi:type="direct-mapping">
               <attribute-name>infoDetailType3</attribute-name>
               <field table="B104_COMDELIVERYSYS_RBA.IPOE_DELIVERY_SYS" name="INFO_DETAIL_TYPE_3" xsi:type="column"/>
               <attribute-classification>java.lang.String</attribute-classification>
            </attribute-mapping>
            <attribute-mapping xsi:type="direct-mapping">
               <attribute-name>deliOrderCd3</attribute-name>
               <field table="B104_COMDELIVERYSYS_RBA.IPOE_DELIVERY_SYS" name="DELI_ORDER_CD_3" xsi:type="column"/>
               <attribute-classification>java.lang.String</attribute-classification>
            </attribute-mapping>
            <attribute-mapping xsi:type="direct-mapping">
               <attribute-name>childNo3</attribute-name>
               <field table="B104_COMDELIVERYSYS_RBA.IPOE_DELIVERY_SYS" name="CHILD_NO_3" xsi:type="column"/>
               <attribute-classification>java.lang.String</attribute-classification>
            </attribute-mapping>
            <attribute-mapping xsi:type="direct-mapping">
               <attribute-name>shipType3</attribute-name>
               <field table="B104_COMDELIVERYSYS_RBA.IPOE_DELIVERY_SYS" name="SHIP_TYPE_3" xsi:type="column"/>
               <attribute-classification>java.lang.String</attribute-classification>
            </attribute-mapping>
            <attribute-mapping xsi:type="direct-mapping">
               <attribute-name>productCd3</attribute-name>
               <field table="B104_COMDELIVERYSYS_RBA.IPOE_DELIVERY_SYS" name="PRODUCT_CD_3" xsi:type="column"/>
               <attribute-classification>java.lang.String</attribute-classification>
            </attribute-mapping>
            <attribute-mapping xsi:type="direct-mapping">
               <attribute-name>serialNo3</attribute-name>
               <field table="B104_COMDELIVERYSYS_RBA.IPOE_DELIVERY_SYS" name="SERIAL_NO_3" xsi:type="column"/>
               <attribute-classification>java.lang.String</attribute-classification>
            </attribute-mapping>
            <attribute-mapping xsi:type="direct-mapping">
               <attribute-name>macAddr3</attribute-name>
               <field table="B104_COMDELIVERYSYS_RBA.IPOE_DELIVERY_SYS" name="MAC_ADDR_3" xsi:type="column"/>
               <attribute-classification>java.lang.String</attribute-classification>
            </attribute-mapping>
            <attribute-mapping xsi:type="direct-mapping">
               <attribute-name>deliShipNum3</attribute-name>
               <field table="B104_COMDELIVERYSYS_RBA.IPOE_DELIVERY_SYS" name="DELI_SHIP_NUM_3" xsi:type="column"/>
               <attribute-classification>java.lang.String</attribute-classification>
            </attribute-mapping>
            <attribute-mapping xsi:type="direct-mapping">
               <attribute-name>deliShipDate3</attribute-name>
               <field table="B104_COMDELIVERYSYS_RBA.IPOE_DELIVERY_SYS" name="DELI_SHIP_DATE_3" xsi:type="column"/>
               <attribute-classification>java.lang.String</attribute-classification>
            </attribute-mapping>
            <attribute-mapping xsi:type="direct-mapping">
               <attribute-name>deliArrivalDate3</attribute-name>
               <field table="B104_COMDELIVERYSYS_RBA.IPOE_DELIVERY_SYS" name="DELI_ARRIVAL_DATE_3" xsi:type="column"/>
               <attribute-classification>java.lang.String</attribute-classification>
            </attribute-mapping>
            <attribute-mapping xsi:type="direct-mapping">
               <attribute-name>collResultDate3</attribute-name>
               <field table="B104_COMDELIVERYSYS_RBA.IPOE_DELIVERY_SYS" name="COLL_RESULT_DATE_3" xsi:type="column"/>
               <attribute-classification>java.lang.String</attribute-classification>
            </attribute-mapping>
            <attribute-mapping xsi:type="direct-mapping">
               <attribute-name>deliShipResultCd3</attribute-name>
               <field table="B104_COMDELIVERYSYS_RBA.IPOE_DELIVERY_SYS" name="DELI_SHIP_RESULT_CD_3" xsi:type="column"/>
               <attribute-classification>java.lang.String</attribute-classification>
            </attribute-mapping>
            <attribute-mapping xsi:type="direct-mapping">
               <attribute-name>deliFailCause3</attribute-name>
               <field table="B104_COMDELIVERYSYS_RBA.IPOE_DELIVERY_SYS" name="DELI_FAIL_CAUSE_3" xsi:type="column"/>
               <attribute-classification>java.lang.String</attribute-classification>
            </attribute-mapping>
            <attribute-mapping xsi:type="direct-mapping">
               <attribute-name>collType3</attribute-name>
               <field table="B104_COMDELIVERYSYS_RBA.IPOE_DELIVERY_SYS" name="COLL_TYPE_3" xsi:type="column"/>
               <attribute-classification>java.lang.String</attribute-classification>
            </attribute-mapping>
            <attribute-mapping xsi:type="direct-mapping">
               <attribute-name>updateUser</attribute-name>
               <field table="B104_COMDELIVERYSYS_RBA.IPOE_DELIVERY_SYS" name="UPDATE_USER" xsi:type="column"/>
               <attribute-classification>java.lang.String</attribute-classification>
            </attribute-mapping>
            <attribute-mapping xsi:type="direct-mapping">
               <attribute-name>sysMemo</attribute-name>
               <field table="B104_COMDELIVERYSYS_RBA.IPOE_DELIVERY_SYS" name="SYS_MEMO" xsi:type="column"/>
               <attribute-classification>java.lang.String</attribute-classification>
            </attribute-mapping>
         </attribute-mappings>
         <descriptor-type>independent</descriptor-type>
         <caching>
            <cache-type>weak-reference</cache-type>
            <cache-size>-1</cache-size>
            <always-refresh>true</always-refresh>
         </caching>
         <remote-caching>
            <cache-type>weak-reference</cache-type>
            <cache-size>-1</cache-size>
         </remote-caching>
         <instantiation/>
         <copying xsi:type="instantiation-copy-policy"/>
         <tables>
            <table name="B104_COMDELIVERYSYS_RBA.IPOE_DELIVERY_SYS"/>
         </tables>
         <structure>structureName</structure>
      </class-mapping-descriptor>
   </class-mapping-descriptors>
   <login xsi:type="database-login">
      <platform-class>org.eclipse.persistence.platform.database.oracle.Oracle9Platform</platform-class>
      <connection-url></connection-url>
   </login>
</object-persistence>]]></con:xml-content>
</con:xmlEntry>